dataset_name,n_estimators_client,xgb_max_depth,subsample,learning_rate,colsample_bylevel,colsample_bynode,colsample_bytree,alpha,gamma,num_parallel_tree,min_child_weight,result_train,result_test
adidas,200,4,0.8,0.1,1,1,1,5,5,1,1,4698.3726,5805.4033
adidas,500,2,0.5,0.05,1,1,1,10,20,1,5,12254.153,12233.996
adidas,500,8,0.5,0.05,1,1,1,10,20,1,5,465.9218,2694.308
adidas,500,8,0.5,0.05,1,1,1,10,20,1,5,465.9218,2694.308
adidas,500,4,0.5,0.1,1,1,1,5,5,1,5,2759.9075,4454.59
adidas,500,4,0.5,0.1,1,1,1,5,20,1,5,2759.9075,4454.59
adidas,500,4,0.5,0.1,1,1,1,10,5,1,5,2756.797,4444.0693
adidas,500,4,0.5,0.1,1,1,1,10,20,1,5,2756.797,4444.0693
adidas,500,4,0.5,0.05,1,1,1,5,5,1,5,4072.2747,5260.6943
adidas,500,4,0.5,0.05,1,1,1,5,20,1,5,4072.2747,5260.6943
adidas,500,4,0.5,0.05,1,1,1,10,5,1,5,4069.3457,5211.4155
adidas,500,4,0.5,0.05,1,1,1,10,20,1,5,4069.3457,5211.4155
adidas,500,4,0.8,0.1,1,1,1,5,5,1,5,2621.8,4386.7876
adidas,500,4,0.8,0.1,1,1,1,5,20,1,5,2629.778,4396.951
adidas,500,4,0.8,0.1,1,1,1,10,5,1,5,2623.0293,4299.6636
adidas,500,4,0.8,0.1,1,1,1,10,20,1,5,2623.0293,4299.6636
adidas,500,4,0.8,0.05,1,1,1,5,5,1,5,3988.5083,5096.7324
adidas,500,4,0.8,0.05,1,1,1,5,20,1,5,3988.5083,5096.7324
adidas,500,4,0.8,0.05,1,1,1,10,5,1,5,3990.876,5166.4756
adidas,500,4,0.8,0.05,1,1,1,10,20,1,5,3990.876,5166.4756
adidas,500,6,0.5,0.1,1,1,1,5,5,1,5,710.5167,3082.09
adidas,500,6,0.5,0.1,1,1,1,5,20,1,5,704.61597,3172.3027
adidas,500,6,0.5,0.1,1,1,1,10,5,1,5,694.70276,3015.968
adidas,500,6,0.5,0.1,1,1,1,10,20,1,5,687.53784,3040.528
adidas,500,6,0.5,0.05,1,1,1,5,5,1,5,1358.5082,3412.1218
adidas,500,6,0.5,0.05,1,1,1,5,20,1,5,1358.5082,3412.1218
adidas,500,6,0.5,0.05,1,1,1,10,5,1,5,1341.1309,3438.7063
adidas,500,6,0.5,0.05,1,1,1,10,20,1,5,1342.3483,3436.3928
adidas,500,6,0.8,0.1,1,1,1,5,5,1,5,545.36163,2977.6868
adidas,500,6,0.8,0.1,1,1,1,5,20,1,5,542.30334,2984.1777
adidas,500,6,0.8,0.1,1,1,1,10,5,1,5,527.9426,2930.8574
adidas,500,6,0.8,0.1,1,1,1,10,20,1,5,530.9138,2922.6243
adidas,500,6,0.8,0.05,1,1,1,5,5,1,5,1162.6697,3191.6353
adidas,500,6,0.8,0.05,1,1,1,5,20,1,5,1172.0532,3257.3503
adidas,500,6,0.8,0.05,1,1,1,10,5,1,5,1144.7156,3229.1094
adidas,500,6,0.8,0.05,1,1,1,10,20,1,5,1148.205,3231.567
adidas,500,8,0.5,0.1,1,1,1,5,5,1,5,176.93423,2553.3657
adidas,500,8,0.5,0.1,1,1,1,5,20,1,5,165.47441,2573.5115
adidas,500,8,0.5,0.1,1,1,1,10,5,1,5,173.39615,2681.567
adidas,500,8,0.5,0.1,1,1,1,10,20,1,5,169.6065,2651.5298
adidas,500,8,0.5,0.05,1,1,1,5,5,1,5,471.58502,2803.139
adidas,500,8,0.5,0.05,1,1,1,5,20,1,5,453.84787,2776.6985
adidas,500,8,0.5,0.05,1,1,1,10,5,1,5,467.54944,2774.0903
adidas,500,8,0.5,0.05,1,1,1,10,20,1,5,465.9218,2694.308
adidas,500,8,0.8,0.1,1,1,1,5,5,1,5,72.43069,2496.173
adidas,500,8,0.8,0.1,1,1,1,5,20,1,5,72.64917,2529.6892
adidas,500,8,0.8,0.1,1,1,1,10,5,1,5,75.38591,2428.1343
adidas,500,8,0.8,0.1,1,1,1,10,20,1,5,74.44588,2488.9666
adidas,500,8,0.8,0.05,1,1,1,5,5,1,5,282.91162,2627.048
adidas,500,8,0.8,0.05,1,1,1,5,20,1,5,279.11646,2644.7036
adidas,500,8,0.8,0.05,1,1,1,10,5,1,5,274.3727,2609.6592
adidas,500,8,0.8,0.05,1,1,1,10,20,1,5,279.8253,2620.0781
adidas,500,6,0.7,0.07,1,1,1,5,0,1,1,668.35065,2969.1182
adidas,500,6,0.7,0.07,1,1,1,5,0,1,3,732.0255,3040.9358
adidas,500,6,0.7,0.07,1,1,1,5,0,1,5,834.7209,2960.832
adidas,500,6,0.7,0.07,1,1,1,5,5,1,1,661.51855,2979.4207
adidas,500,6,0.7,0.07,1,1,1,5,5,1,3,735.59717,3031.974
adidas,500,6,0.7,0.07,1,1,1,5,5,1,5,834.72516,2960.811
adidas,500,6,0.7,0.07,1,1,1,5,10,1,1,660.97784,3009.5005
adidas,500,6,0.7,0.07,1,1,1,5,10,1,3,742.54236,3024.7659
adidas,500,6,0.7,0.07,1,1,1,5,10,1,5,832.38934,2947.6343
adidas,500,6,0.7,0.07,1,1,1,10,0,1,1,676.04407,2917.0295
adidas,500,6,0.7,0.07,1,1,1,10,0,1,3,736.5507,3061.0837
adidas,500,6,0.7,0.07,1,1,1,10,0,1,5,840.248,3027.7146
adidas,500,6,0.7,0.07,1,1,1,10,5,1,1,674.0091,2919.6294
adidas,500,6,0.7,0.07,1,1,1,10,5,1,3,741.60144,3067.9758
adidas,500,6,0.7,0.07,1,1,1,10,5,1,5,846.79266,3039.0703
adidas,500,6,0.7,0.07,1,1,1,10,10,1,1,665.5576,2901.3042
adidas,500,6,0.7,0.07,1,1,1,10,10,1,3,748.8883,3089.1057
adidas,500,6,0.7,0.07,1,1,1,10,10,1,5,856.00287,3030.29
adidas,500,6,0.7,0.1,1,1,1,5,0,1,1,409.97745,2825.2295
adidas,500,6,0.7,0.1,1,1,1,5,0,1,3,481.02948,2846.0984
adidas,500,6,0.7,0.1,1,1,1,5,0,1,5,562.1915,2854.0037
adidas,500,6,0.7,0.1,1,1,1,5,5,1,1,423.16248,2836.2483
adidas,500,6,0.7,0.1,1,1,1,5,5,1,3,480.80197,2836.0415
adidas,500,6,0.7,0.1,1,1,1,5,5,1,5,565.9243,2863.0928
adidas,500,6,0.7,0.1,1,1,1,5,10,1,1,425.13754,2841.5586
adidas,500,6,0.7,0.1,1,1,1,5,10,1,3,482.99066,2862.7244
adidas,500,6,0.7,0.1,1,1,1,5,10,1,5,542.8696,2855.8943
adidas,500,6,0.7,0.1,1,1,1,10,0,1,1,428.15204,2849.014
adidas,500,6,0.7,0.1,1,1,1,10,0,1,3,493.16626,2937.5898
adidas,500,6,0.7,0.1,1,1,1,10,0,1,5,572.7896,2874.2766
adidas,500,6,0.7,0.1,1,1,1,10,5,1,1,429.53976,2903.4363
adidas,500,6,0.7,0.1,1,1,1,10,5,1,3,497.1658,2888.5942
adidas,500,6,0.7,0.1,1,1,1,10,5,1,5,566.1405,2904.2969
adidas,500,6,0.7,0.1,1,1,1,10,10,1,1,430.67044,2869.6191
adidas,500,6,0.7,0.1,1,1,1,10,10,1,3,492.53806,2940.2483
adidas,500,6,0.7,0.1,1,1,1,10,10,1,5,558.2475,2898.6663
adidas,500,6,0.7,0.12,1,1,1,5,0,1,1,337.66888,2737.8364
adidas,500,6,0.7,0.12,1,1,1,5,0,1,3,370.1061,2725.55
adidas,500,6,0.7,0.12,1,1,1,5,0,1,5,462.39233,2858.6921
adidas,500,6,0.7,0.12,1,1,1,5,5,1,1,328.13962,2686.9355
adidas,500,6,0.7,0.12,1,1,1,5,5,1,3,375.88568,2743.953
adidas,500,6,0.7,0.12,1,1,1,5,5,1,5,462.74582,2797.1497
adidas,500,6,0.7,0.12,1,1,1,5,10,1,1,325.86826,2756.6472
adidas,500,6,0.7,0.12,1,1,1,5,10,1,3,380.26285,2802.9087
adidas,500,6,0.7,0.12,1,1,1,5,10,1,5,462.74582,2797.1497
adidas,500,6,0.7,0.12,1,1,1,10,0,1,1,327.31305,2713.9473
adidas,500,6,0.7,0.12,1,1,1,10,0,1,3,383.15784,2837.6814
adidas,500,6,0.7,0.12,1,1,1,10,0,1,5,458.3197,2843.6804
adidas,500,6,0.7,0.12,1,1,1,10,5,1,1,324.192,2726.7644
adidas,500,6,0.7,0.12,1,1,1,10,5,1,3,383.45184,2849.4238
adidas,500,6,0.7,0.12,1,1,1,10,5,1,5,446.20697,2840.8223
adidas,500,6,0.7,0.12,1,1,1,10,10,1,1,325.7733,2700.324
adidas,500,6,0.7,0.12,1,1,1,10,10,1,3,391.4538,2769.9575
adidas,500,6,0.7,0.12,1,1,1,10,10,1,5,457.60684,2908.397
adidas,500,6,0.8,0.07,1,1,1,5,0,1,1,649.1261,2907.5469
adidas,500,6,0.8,0.07,1,1,1,5,0,1,3,705.219,2948.75
adidas,500,6,0.8,0.07,1,1,1,5,0,1,5,810.21234,2933.516
adidas,500,6,0.8,0.07,1,1,1,5,5,1,1,639.64685,2876.405
adidas,500,6,0.8,0.07,1,1,1,5,5,1,3,699.39545,2941.8499
adidas,500,6,0.8,0.07,1,1,1,5,5,1,5,822.8228,3021.2783
adidas,500,6,0.8,0.07,1,1,1,5,10,1,1,645.7647,2911.5842
adidas,500,6,0.8,0.07,1,1,1,5,10,1,3,696.6716,2954.7754
adidas,500,6,0.8,0.07,1,1,1,5,10,1,5,815.6144,2994.4119
adidas,500,6,0.8,0.07,1,1,1,10,0,1,1,647.0145,2827.498
adidas,500,6,0.8,0.07,1,1,1,10,0,1,3,703.384,2956.655
adidas,500,6,0.8,0.07,1,1,1,10,0,1,5,783.3255,2973.5935
adidas,500,6,0.8,0.07,1,1,1,10,5,1,1,636.3663,2804.6064
adidas,500,6,0.8,0.07,1,1,1,10,5,1,3,692.71906,2978.1238
adidas,500,6,0.8,0.07,1,1,1,10,5,1,5,789.53644,2973.5623
adidas,500,6,0.8,0.07,1,1,1,10,10,1,1,636.73737,2811.743
adidas,500,6,0.8,0.07,1,1,1,10,10,1,3,687.3339,2973.9226
adidas,500,6,0.8,0.07,1,1,1,10,10,1,5,791.95374,2984.2808
adidas,500,6,0.8,0.1,1,1,1,5,0,1,1,403.21338,2918.6472
adidas,500,8,0.7,0.1,1,1,1,0,0,1,1,25.223413,2582.675
adidas,500,8,0.7,0.1,1,1,1,0,0,1,3,47.19916,2593.0095
adidas,500,8,0.7,0.1,1,1,1,0,1,1,1,25.71056,2555.8103
adidas,500,8,0.7,0.1,1,1,1,0,1,1,3,48.612934,2613.3528
adidas,500,8,0.7,0.05,1,1,1,0,0,1,1,136.85277,2581.7969
adidas,500,8,0.7,0.05,1,1,1,0,0,1,3,202.7819,2561.5024
adidas,500,8,0.7,0.05,1,1,1,0,1,1,1,134.06863,2606.1968
adidas,500,8,0.7,0.05,1,1,1,0,1,1,3,205.05296,2542.6328
adidas,500,8,0.7,0.03,1,1,1,0,0,1,1,363.7021,2766.489
adidas,500,8,0.7,0.03,1,1,1,0,0,1,3,487.26578,2756.2212
adidas,500,8,0.7,0.03,1,1,1,0,1,1,1,364.8062,2742.2031
adidas,500,8,0.7,0.03,1,1,1,0,1,1,3,484.57617,2747.7302
adidas,500,8,0.9,0.1,1,1,1,0,0,1,1,17.455744,2497.0933
adidas,500,8,0.9,0.1,1,1,1,0,0,1,3,36.624523,2616.6345
adidas,500,8,0.9,0.1,1,1,1,0,1,1,1,16.847418,2455.4573
adidas,500,8,0.9,0.1,1,1,1,0,1,1,3,36.56859,2568.8088
adidas,500,8,0.9,0.05,1,1,1,0,0,1,1,125.33702,2655.3271
adidas,500,8,0.9,0.05,1,1,1,0,0,1,3,175.30383,2673.2607
adidas,500,8,0.9,0.05,1,1,1,0,1,1,1,120.81467,2670.343
adidas,500,8,0.9,0.05,1,1,1,0,1,1,3,180.23613,2694.7668
adidas,500,8,0.9,0.03,1,1,1,0,0,1,1,332.7088,2765.8667
adidas,500,8,0.9,0.03,1,1,1,0,0,1,3,413.3956,2828.2222
adidas,500,8,0.9,0.03,1,1,1,0,1,1,1,327.47797,2766.821
adidas,500,8,0.9,0.03,1,1,1,0,1,1,3,427.23505,2843.7031
adidas,500,8,1.0,0.1,1,1,1,0,0,1,1,40.348553,2726.1606
adidas,500,8,1.0,0.1,1,1,1,0,0,1,3,70.74139,2827.1936
adidas,500,8,1.0,0.1,1,1,1,0,1,1,1,41.321373,2736.1626
adidas,500,8,1.0,0.1,1,1,1,0,1,1,3,68.04024,2820.998
adidas,500,8,1.0,0.05,1,1,1,0,0,1,1,203.29768,2821.2146
adidas,500,8,0.7,0.1,1,1,1,0,0,1,1,18.922398,2780.8542
adidas,500,8,0.7,0.1,1,1,1,0,0,1,3,38.800987,2826.5378
adidas,500,8,0.7,0.1,1,1,1,0,1,1,1,19.562544,2795.5864
adidas,500,8,0.7,0.1,1,1,1,0,1,1,3,38.352016,2846.457
adidas,500,8,0.7,0.05,1,1,1,0,0,1,1,122.03748,2773.2366
adidas,500,8,0.7,0.05,1,1,1,0,0,1,3,193.40216,2713.2866
adidas,500,8,0.7,0.05,1,1,1,0,1,1,1,121.56086,2753.099
adidas,500,8,0.7,0.05,1,1,1,0,1,1,3,192.30196,2704.921
adidas,500,8,0.7,0.03,1,1,1,0,0,1,1,340.17206,2835.8599
adidas,500,8,0.7,0.03,1,1,1,0,0,1,3,449.13303,2886.142
adidas,500,8,0.7,0.03,1,1,1,0,1,1,1,335.47336,2843.324
adidas,500,8,0.7,0.03,1,1,1,0,1,1,3,455.07593,2891.6606
adidas,500,8,0.9,0.1,1,1,1,0,0,1,1,13.07511,2880.8557
adidas,500,8,0.9,0.1,1,1,1,0,0,1,3,28.029387,2780.479
adidas,500,8,0.9,0.1,1,1,1,0,1,1,1,12.909883,2842.4963
adidas,500,8,0.9,0.1,1,1,1,0,1,1,3,28.511644,2778.6628
adidas,500,8,0.9,0.05,1,1,1,0,0,1,1,99.252556,2774.468
adidas,500,8,0.9,0.05,1,1,1,0,0,1,3,157.2111,2683.2725
adidas,500,8,0.9,0.05,1,1,1,0,1,1,1,101.64026,2774.2456
adidas,500,8,0.9,0.05,1,1,1,0,1,1,3,156.01607,2687.8154
adidas,500,8,0.9,0.03,1,1,1,0,0,1,1,329.1309,2949.3816
adidas,500,8,0.9,0.03,1,1,1,0,0,1,3,421.21457,2911.4785
adidas,500,8,0.9,0.03,1,1,1,0,1,1,1,325.98257,2944.3787
adidas,500,8,0.9,0.03,1,1,1,0,1,1,3,432.68097,2953.6619
adidas,500,8,1.0,0.1,1,1,1,0,0,1,1,33.802147,2946.0369
adidas,500,8,1.0,0.1,1,1,1,0,0,1,3,54.699425,2759.1506
adidas,500,8,1.0,0.1,1,1,1,0,1,1,1,32.48687,2923.8176
adidas,500,8,1.0,0.1,1,1,1,0,1,1,3,63.795998,2787.3376
adidas,500,8,1.0,0.05,1,1,1,0,0,1,1,169.96709,3012.1013
adidas,500,8,1.0,0.05,1,1,1,0,0,1,3,245.50984,2944.0269
adidas,500,8,1.0,0.05,1,1,1,0,1,1,1,177.65709,3060.9993
adidas,500,8,1.0,0.05,1,1,1,0,1,1,3,239.7065,2933.609
adidas,500,8,1.0,0.03,1,1,1,0,0,1,1,443.9986,3265.0027
adidas,500,8,1.0,0.03,1,1,1,0,0,1,3,519.77747,3099.2842
adidas,500,8,1.0,0.03,1,1,1,0,1,1,1,396.33862,3279.7625
adidas,500,8,1.0,0.03,1,1,1,0,1,1,3,529.8463,3105.2913
adidas,500,10,0.7,0.1,1,1,1,0,0,1,1,0.37664515,2964.7302
adidas,500,10,0.7,0.1,1,1,1,0,0,1,3,2.8477182,2860.1125
adidas,500,10,0.7,0.1,1,1,1,0,1,1,1,0.8357318,2951.84
adidas,500,10,0.7,0.1,1,1,1,0,1,1,3,2.8481514,2892.7788
adidas,500,10,0.7,0.05,1,1,1,0,0,1,1,8.241438,2790.372
adidas,500,10,0.7,0.05,1,1,1,0,0,1,3,31.18229,2742.628
adidas,500,10,0.7,0.05,1,1,1,0,1,1,1,8.146641,2779.402
adidas,500,10,0.7,0.05,1,1,1,0,1,1,3,30.622427,2782.5347
adidas,500,10,0.7,0.03,1,1,1,0,0,1,1,49.735107,2838.2512
adidas,500,10,0.7,0.03,1,1,1,0,0,1,3,114.7712,2783.7786
adidas,500,10,0.7,0.03,1,1,1,0,1,1,1,49.51133,2843.106
adidas,500,10,0.7,0.03,1,1,1,0,1,1,3,115.6968,2796.5767
adidas,500,10,0.9,0.1,1,1,1,0,0,1,1,0.24011119,3064.8804
adidas,500,10,0.9,0.1,1,1,1,0,0,1,3,1.2229736,3034.3286
adidas,500,10,0.9,0.1,1,1,1,0,1,1,1,1.2649537,3045.7961
adidas,500,10,0.9,0.1,1,1,1,0,1,1,3,1.7885348,3003.7368
adidas,500,10,0.9,0.05,1,1,1,0,0,1,1,4.571064,3007.0605
adidas,500,10,0.9,0.05,1,1,1,0,0,1,3,17.831673,2891.9792
adidas,500,10,0.9,0.05,1,1,1,0,1,1,1,4.487149,3022.6687
adidas,500,10,0.9,0.05,1,1,1,0,1,1,3,18.425508,2895.0427
adidas,500,10,0.9,0.03,1,1,1,0,0,1,1,34.337925,3040.0925
adidas,500,10,0.9,0.03,1,1,1,0,0,1,3,73.98875,2910.002
adidas,500,10,0.9,0.03,1,1,1,0,1,1,1,34.53203,3044.2812
adidas,500,10,0.9,0.03,1,1,1,0,1,1,3,75.27421,2902.269
adidas,500,10,1.0,0.1,1,1,1,0,0,1,1,0.52316976,3400.6438
adidas,500,10,1.0,0.1,1,1,1,0,0,1,3,4.0098386,3314.9402
adidas,500,10,1.0,0.1,1,1,1,0,1,1,1,13.966234,3440.273
adidas,500,10,1.0,0.1,1,1,1,0,1,1,3,18.09552,3358.9124
adidas,500,10,1.0,0.05,1,1,1,0,0,1,1,16.467342,3620.427
adidas,500,10,1.0,0.05,1,1,1,0,0,1,3,40.229546,3229.8384
adidas,500,10,1.0,0.05,1,1,1,0,1,1,1,15.570889,3614.702
adidas,500,10,1.0,0.05,1,1,1,0,1,1,3,35.389015,3221.9392
adidas,500,10,1.0,0.03,1,1,1,0,0,1,1,58.475914,3474.1863
adidas,500,10,1.0,0.03,1,1,1,0,0,1,3,100.7917,3298.5837
adidas,500,10,1.0,0.03,1,1,1,0,1,1,1,60.265934,3551.5942
adidas,500,10,1.0,0.03,1,1,1,0,1,1,3,105.33465,3345.0566
adidas,500,12,0.7,0.1,1,1,1,0,0,1,1,0.1883433,3314.1375
adidas,500,12,0.7,0.1,1,1,1,0,0,1,3,0.41896158,3113.4402
adidas,500,12,0.7,0.1,1,1,1,0,1,1,1,0.6861441,3328.2498
adidas,500,12,0.7,0.1,1,1,1,0,1,1,3,0.89297104,3110.3691
adidas,500,12,0.7,0.05,1,1,1,0,0,1,1,0.5656562,3142.7039
adidas,500,12,0.7,0.05,1,1,1,0,0,1,3,6.953499,2980.1975
adidas,500,12,0.7,0.05,1,1,1,0,1,1,1,0.925547,3143.1785
adidas,500,12,0.7,0.05,1,1,1,0,1,1,3,7.1338987,2972.6309
adidas,500,12,0.7,0.03,1,1,1,0,0,1,1,6.645655,3104.483
adidas,500,12,0.7,0.03,1,1,1,0,0,1,3,37.53952,2921.8984
adidas,500,12,0.7,0.03,1,1,1,0,1,1,1,6.824962,3107.7783
adidas,500,12,0.7,0.03,1,1,1,0,1,1,3,38.81528,2925.4038
adidas,500,12,0.9,0.1,1,1,1,0,0,1,1,0.18513873,3582.3691
adidas,500,12,0.9,0.1,1,1,1,0,0,1,3,0.2130697,3339.2256
adidas,500,12,0.9,0.1,1,1,1,0,1,1,1,1.0317297,3611.6147
adidas,500,12,0.9,0.1,1,1,1,0,1,1,3,1.3126385,3322.711
adidas,500,12,0.9,0.05,1,1,1,0,0,1,1,0.24883679,3531.9932
adidas,500,12,0.9,0.05,1,1,1,0,0,1,3,2.300736,3170.3345
adidas,500,12,0.9,0.05,1,1,1,0,1,1,1,1.2187362,3529.8608
adidas,500,12,0.9,0.05,1,1,1,0,1,1,3,2.6934147,3163.0784
adidas,500,12,0.9,0.03,1,1,1,0,0,1,1,2.3974397,3530.3298
adidas,500,12,0.9,0.03,1,1,1,0,0,1,3,17.381708,3129.2988
adidas,500,12,0.9,0.03,1,1,1,0,1,1,1,2.8285873,3544.429
adidas,500,12,0.9,0.03,1,1,1,0,1,1,3,15.673351,3132.8643
adidas,500,12,1.0,0.1,1,1,1,0,0,1,1,0.18540148,4256.316
adidas,500,12,1.0,0.1,1,1,1,0,0,1,3,0.2739147,3715.0334
adidas,500,12,1.0,0.1,1,1,1,0,1,1,1,5.185594,4232.1953
adidas,500,12,1.0,0.1,1,1,1,0,1,1,3,11.578505,3740.6436
adidas,500,12,1.0,0.05,1,1,1,0,0,1,1,0.663254,4209.4824
adidas,500,12,1.0,0.05,1,1,1,0,0,1,3,6.5398545,3785.312
adidas,500,12,1.0,0.05,1,1,1,0,1,1,1,5.463247,4234.101
adidas,500,12,1.0,0.05,1,1,1,0,1,1,3,13.078199,3762.8982
adidas,500,12,1.0,0.03,1,1,1,0,0,1,1,4.892205,4192.369
adidas,500,12,1.0,0.03,1,1,1,0,0,1,3,26.797451,3700.2017
adidas,500,12,1.0,0.03,1,1,1,0,1,1,1,5.6802573,4245.978
adidas,500,12,1.0,0.03,1,1,1,0,1,1,3,23.56834,3739.6775
adidas,500,15,0.7,0.1,1,1,1,0,0,1,1,0.1873394,3621.1816
adidas,500,15,0.7,0.1,1,1,1,0,0,1,3,0.22054578,3234.6501
adidas,500,15,0.7,0.1,1,1,1,0,1,1,1,0.6250427,3589.0823
adidas,500,15,0.7,0.1,1,1,1,0,1,1,3,0.76353693,3292.4912
adidas,500,15,0.7,0.05,1,1,1,0,0,1,1,0.1937986,3490.3647
adidas,500,15,0.7,0.05,1,1,1,0,0,1,3,1.9534663,3145.837
adidas,500,15,0.7,0.05,1,1,1,0,1,1,1,0.708402,3470.7253
adidas,500,15,0.7,0.05,1,1,1,0,1,1,3,1.9874673,3129.466
adidas,500,15,0.7,0.03,1,1,1,0,0,1,1,0.9242026,3381.4421
adidas,500,15,0.7,0.03,1,1,1,0,0,1,3,14.087494,3052.7053
adidas,500,15,0.7,0.03,1,1,1,0,1,1,1,1.139935,3377.3032
adidas,500,15,0.7,0.03,1,1,1,0,1,1,3,14.096159,3038.623
adidas,500,15,0.9,0.1,1,1,1,0,0,1,1,0.18510789,3931.255
adidas,500,15,0.9,0.1,1,1,1,0,0,1,3,0.18616013,3664.4805
adidas,500,15,0.9,0.1,1,1,1,0,1,1,1,0.74306655,3977.2725
adidas,500,15,0.9,0.1,1,1,1,0,1,1,3,1.1331369,3671.676
adidas,500,15,0.9,0.05,1,1,1,0,0,1,1,0.18525864,3986.6804
adidas,500,15,0.9,0.05,1,1,1,0,0,1,3,0.50553894,3458.3005
adidas,500,15,0.9,0.05,1,1,1,0,1,1,1,0.80821764,3998.7158
adidas,500,15,0.9,0.05,1,1,1,0,1,1,3,1.4429923,3462.2632
adidas,500,15,0.9,0.03,1,1,1,0,0,1,1,0.24592336,3919.5356
adidas,500,15,0.9,0.03,1,1,1,0,0,1,3,4.1893516,3431.9868
adidas,500,15,0.9,0.03,1,1,1,0,1,1,1,0.80016243,3911.1538
adidas,500,15,0.9,0.03,1,1,1,0,1,1,3,4.277401,3443.1074
adidas,500,15,1.0,0.1,1,1,1,0,0,1,1,0.18511379,4916.5234
adidas,500,15,1.0,0.1,1,1,1,0,0,1,3,0.18804166,4248.1772
adidas,500,15,1.0,0.1,1,1,1,0,1,1,1,0.94683933,4900.765
adidas,500,15,1.0,0.1,1,1,1,0,1,1,3,8.336088,4313.6606
adidas,500,15,1.0,0.05,1,1,1,0,0,1,1,0.18540905,4847.528
adidas,500,15,1.0,0.05,1,1,1,0,0,1,3,0.717167,4374.919
adidas,500,15,1.0,0.05,1,1,1,0,1,1,1,0.90655166,4927.9805
adidas,500,15,1.0,0.05,1,1,1,0,1,1,3,6.452086,4371.382
adidas,500,15,1.0,0.03,1,1,1,0,0,1,1,0.26703167,4843.1006
adidas,500,15,1.0,0.03,1,1,1,0,0,1,3,6.154778,4374.245
adidas,500,15,1.0,0.03,1,1,1,0,1,1,1,0.99101174,4863.629
adidas,500,15,1.0,0.03,1,1,1,0,1,1,3,7.574113,4391.5923
adidas,800,8,0.7,0.1,1,1,1,0,0,1,1,2.8251326,2762.5132
adidas,800,8,0.7,0.1,1,1,1,0,0,1,3,8.371628,2801.6208
adidas,800,8,0.7,0.1,1,1,1,0,1,1,1,3.058184,2776.6638
adidas,800,8,0.7,0.1,1,1,1,0,1,1,3,8.196334,2820.8184
adidas,800,8,0.7,0.05,1,1,1,0,0,1,1,33.691097,2687.672
adidas,800,8,0.7,0.05,1,1,1,0,0,1,3,65.895386,2611.3525
adidas,800,8,0.7,0.05,1,1,1,0,1,1,1,33.41215,2660.2854
adidas,800,8,0.7,0.05,1,1,1,0,1,1,3,64.817825,2599.9749
adidas,800,8,0.7,0.03,1,1,1,0,0,1,1,125.86162,2639.9507
adidas,800,8,0.7,0.03,1,1,1,0,0,1,3,194.70242,2666.7913
adidas,800,8,0.7,0.03,1,1,1,0,1,1,1,123.396194,2648.3674
adidas,800,8,0.7,0.03,1,1,1,0,1,1,3,197.07617,2673.0127
adidas,800,8,0.9,0.1,1,1,1,0,0,1,1,1.7136961,2860.8252
adidas,800,8,0.9,0.1,1,1,1,0,0,1,3,5.109653,2756.1313
adidas,800,8,0.9,0.1,1,1,1,0,1,1,1,2.083245,2821.038
adidas,800,8,0.9,0.1,1,1,1,0,1,1,3,5.445875,2753.4155
adidas,800,8,0.9,0.05,1,1,1,0,0,1,1,25.665108,2696.2864
adidas,800,8,0.9,0.05,1,1,1,0,0,1,3,50.21395,2586.934
adidas,800,8,0.9,0.05,1,1,1,0,1,1,1,26.84492,2693.2664
adidas,800,8,0.9,0.05,1,1,1,0,1,1,3,48.95734,2588.9614
adidas,800,8,0.9,0.03,1,1,1,0,0,1,1,117.2075,2753.21
adidas,800,8,0.9,0.03,1,1,1,0,0,1,3,178.10661,2711.6584
adidas,800,8,0.9,0.03,1,1,1,0,1,1,1,118.9945,2762.15
adidas,800,8,0.9,0.03,1,1,1,0,1,1,3,181.08842,2742.6707
adidas,800,8,1.0,0.1,1,1,1,0,0,1,1,6.917825,2915.6643
adidas,800,8,1.0,0.1,1,1,1,0,0,1,3,15.154324,2720.7395
adidas,800,8,1.0,0.1,1,1,1,0,1,1,1,22.314386,2915.7686
adidas,800,8,1.0,0.1,1,1,1,0,1,1,3,30.304955,2753.809
adidas,800,8,1.0,0.05,1,1,1,0,0,1,1,67.10292,2914.6252
adidas,800,8,1.0,0.05,1,1,1,0,0,1,3,103.28478,2836.8345
adidas,800,8,1.0,0.05,1,1,1,0,1,1,1,66.66315,2975.6013
adidas,800,8,1.0,0.05,1,1,1,0,1,1,3,103.406006,2827.5303
adidas,800,8,1.0,0.03,1,1,1,0,0,1,1,195.86972,3083.2637
adidas,800,8,1.0,0.03,1,1,1,0,0,1,3,279.58997,2902.9236
adidas,800,8,1.0,0.03,1,1,1,0,1,1,1,190.1208,3098.9465
adidas,800,8,1.0,0.03,1,1,1,0,1,1,3,254.74959,2885.4456
adidas,800,10,0.7,0.1,1,1,1,0,0,1,1,0.19192272,2963.079
adidas,800,10,0.7,0.1,1,1,1,0,0,1,3,0.37871027,2856.2266
adidas,800,10,0.7,0.1,1,1,1,0,1,1,1,0.70245045,2951.24
adidas,800,10,0.7,0.1,1,1,1,0,1,1,3,0.8561734,2887.8235
adidas,800,10,0.7,0.05,1,1,1,0,0,1,1,0.8814502,2774.994
adidas,800,10,0.7,0.05,1,1,1,0,0,1,3,5.723003,2705.7488
adidas,800,10,0.7,0.05,1,1,1,0,1,1,1,1.1317034,2763.8208
adidas,800,10,0.7,0.05,1,1,1,0,1,1,3,5.7577057,2745.456
adidas,800,10,0.7,0.03,1,1,1,0,0,1,1,9.436817,2770.8857
adidas,800,10,0.7,0.03,1,1,1,0,0,1,3,34.062828,2691.1584
adidas,800,10,0.7,0.03,1,1,1,0,1,1,1,9.2841215,2781.1406
adidas,800,10,0.7,0.03,1,1,1,0,1,1,3,33.174644,2697.2258
adidas,800,10,0.9,0.1,1,1,1,0,0,1,1,0.18736303,3064.1975
adidas,800,10,0.9,0.1,1,1,1,0,0,1,3,0.22626272,3031.0017
adidas,800,10,0.9,0.1,1,1,1,0,1,1,1,1.1350818,3045.7092
adidas,800,10,0.9,0.1,1,1,1,0,1,1,3,1.337493,3003.2034
adidas,800,10,0.9,0.05,1,1,1,0,0,1,1,0.44525102,2996.1797
adidas,800,10,0.9,0.05,1,1,1,0,0,1,3,2.7426186,2865.502
adidas,800,10,0.9,0.05,1,1,1,0,1,1,1,1.475863,3014.2288
adidas,800,10,0.9,0.05,1,1,1,0,1,1,3,3.0018594,2870.966
adidas,800,10,0.9,0.03,1,1,1,0,0,1,1,5.3875976,2986.5713
adidas,800,10,0.9,0.03,1,1,1,0,0,1,3,20.408749,2833.4727
adidas,800,10,0.9,0.03,1,1,1,0,1,1,1,5.37189,2989.9128
adidas,800,10,0.9,0.03,1,1,1,0,1,1,3,20.017265,2824.3699
adidas,800,10,1.0,0.1,1,1,1,0,0,1,1,0.19279338,3398.3591
adidas,800,10,1.0,0.1,1,1,1,0,0,1,3,0.5124918,3309.0383
adidas,800,10,1.0,0.1,1,1,1,0,1,1,1,13.966235,3440.273
adidas,800,10,1.0,0.1,1,1,1,0,1,1,3,18.095524,3358.9126
adidas,800,10,1.0,0.05,1,1,1,0,0,1,1,2.425633,3597.8025
adidas,800,10,1.0,0.05,1,1,1,0,0,1,3,12.002161,3194.2805
adidas,800,10,1.0,0.05,1,1,1,0,1,1,1,13.102379,3609.8477
adidas,800,10,1.0,0.05,1,1,1,0,1,1,3,19.75217,3200.1887
adidas,800,10,1.0,0.03,1,1,1,0,0,1,1,16.494421,3411.6528
adidas,800,10,1.0,0.03,1,1,1,0,0,1,3,42.815388,3217.165
adidas,800,10,1.0,0.03,1,1,1,0,1,1,1,16.696121,3480.299
adidas,800,10,1.0,0.03,1,1,1,0,1,1,3,41.649944,3251.457
adidas,800,12,0.7,0.1,1,1,1,0,0,1,1,0.18816637,3314.0793
adidas,800,12,0.7,0.1,1,1,1,0,0,1,3,0.19386312,3111.3455
adidas,800,12,0.7,0.1,1,1,1,0,1,1,1,0.63914025,3327.6594
adidas,800,12,0.7,0.1,1,1,1,0,1,1,3,0.7288462,3108.881
adidas,800,12,0.7,0.05,1,1,1,0,0,1,1,0.19287282,3139.446
adidas,800,12,0.7,0.05,1,1,1,0,0,1,3,0.8735488,2964.597
adidas,800,12,0.7,0.05,1,1,1,0,1,1,1,0.7266566,3141.926
adidas,800,12,0.7,0.05,1,1,1,0,1,1,3,1.1982299,2959.6372
adidas,800,12,0.7,0.03,1,1,1,0,0,1,1,0.61854166,3081.4888
adidas,800,12,0.7,0.03,1,1,1,0,0,1,3,7.7336736,2867.5156
adidas,800,12,0.7,0.03,1,1,1,0,1,1,1,0.986193,3085.2383
adidas,800,12,0.7,0.03,1,1,1,0,1,1,3,7.9144835,2872.395
adidas,800,12,0.9,0.1,1,1,1,0,0,1,1,0.18682764,3582.3145
adidas,800,12,0.9,0.1,1,1,1,0,0,1,3,0.18575123,3338.776
adidas,800,12,0.9,0.1,1,1,1,0,1,1,1,0.98370326,3611.2732
adidas,800,12,0.9,0.1,1,1,1,0,1,1,3,1.171997,3321.857
adidas,800,12,0.9,0.05,1,1,1,0,0,1,1,0.18579324,3530.7253
adidas,800,12,0.9,0.05,1,1,1,0,0,1,3,0.3193804,3162.8567
adidas,800,12,0.9,0.05,1,1,1,0,1,1,1,1.1259634,3529.1833
adidas,800,12,0.9,0.05,1,1,1,0,1,1,3,1.5153917,3159.294
adidas,800,12,0.9,0.03,1,1,1,0,0,1,1,0.27591118,3518.079
adidas,800,12,0.9,0.03,1,1,1,0,0,1,3,2.8266997,3097.5881
adidas,800,12,0.9,0.03,1,1,1,0,1,1,1,1.283252,3537.2566
adidas,800,12,0.9,0.03,1,1,1,0,1,1,3,2.717417,3104.547
adidas,800,12,1.0,0.1,1,1,1,0,0,1,1,0.18512931,4256.2993
adidas,800,12,1.0,0.1,1,1,1,0,0,1,3,0.18656616,3714.2087
adidas,800,12,1.0,0.1,1,1,1,0,1,1,1,5.1856,4232.1953
adidas,800,12,1.0,0.1,1,1,1,0,1,1,3,11.578506,3740.6436
adidas,800,12,1.0,0.05,1,1,1,0,0,1,1,0.19806372,4206.7173
adidas,800,12,1.0,0.05,1,1,1,0,0,1,3,0.7802529,3772.3662
adidas,800,12,1.0,0.05,1,1,1,0,1,1,1,5.463245,4234.101
adidas,800,12,1.0,0.05,1,1,1,0,1,1,3,13.078222,3762.8982
adidas,800,12,1.0,0.03,1,1,1,0,0,1,1,1.002768,4175.467
adidas,800,12,1.0,0.03,1,1,1,0,0,1,3,7.37961,3662.9783
adidas,800,12,1.0,0.03,1,1,1,0,1,1,1,5.6415663,4245.8257
adidas,800,12,1.0,0.03,1,1,1,0,1,1,3,13.513936,3720.3655
adidas,800,15,0.7,0.1,1,1,1,0,0,1,1,0.18816398,3621.163
adidas,800,15,0.7,0.1,1,1,1,0,0,1,3,0.18728606,3234.056
adidas,800,15,0.7,0.1,1,1,1,0,1,1,1,0.6050269,3588.3704
adidas,800,15,0.7,0.1,1,1,1,0,1,1,3,0.68478143,3290.4565
adidas,800,15,0.7,0.05,1,1,1,0,0,1,1,0.18594658,3489.8853
adidas,800,15,0.7,0.05,1,1,1,0,0,1,3,0.30938125,3139.6821
adidas,800,15,0.7,0.05,1,1,1,0,1,1,1,0.6649883,3470.1697
adidas,800,15,0.7,0.05,1,1,1,0,1,1,3,0.8381206,3123.9084
adidas,800,15,0.7,0.03,1,1,1,0,0,1,1,0.19933428,3372.6997
adidas,800,15,0.7,0.03,1,1,1,0,0,1,3,2.1143248,3023.1238
adidas,800,15,0.7,0.03,1,1,1,0,1,1,1,0.7381012,3372.1543
adidas,800,15,0.7,0.03,1,1,1,0,1,1,3,2.2638302,3008.1816
adidas,800,15,0.9,0.1,1,1,1,0,0,1,1,0.18682738,3931.2131
adidas,800,15,0.9,0.1,1,1,1,0,0,1,3,0.18548107,3664.342
adidas,800,15,0.9,0.1,1,1,1,0,1,1,1,0.72842026,3976.998
adidas,800,15,0.9,0.1,1,1,1,0,1,1,3,1.0724845,3671.1343
adidas,800,15,0.9,0.05,1,1,1,0,0,1,1,0.18530232,3986.5823
adidas,800,15,0.9,0.05,1,1,1,0,0,1,3,0.19479641,3454.976
adidas,800,15,0.9,0.05,1,1,1,0,1,1,1,0.78072155,3998.2595
adidas,800,15,0.9,0.05,1,1,1,0,1,1,3,1.2459891,3461.3687
adidas,800,15,0.9,0.03,1,1,1,0,0,1,1,0.1854076,3917.2004
adidas,800,15,0.9,0.03,1,1,1,0,0,1,3,0.56474453,3414.9768
adidas,800,15,0.9,0.03,1,1,1,0,1,1,1,0.7626206,3910.3994
adidas,800,15,0.9,0.03,1,1,1,0,1,1,3,1.490509,3431.3586
adidas,800,15,1.0,0.1,1,1,1,0,0,1,1,0.18511379,4916.5234
adidas,800,15,1.0,0.1,1,1,1,0,0,1,3,0.18512858,4248.003
adidas,800,15,1.0,0.1,1,1,1,0,1,1,1,0.9468421,4900.765
adidas,800,15,1.0,0.1,1,1,1,0,1,1,3,8.336091,4313.6606
adidas,800,15,1.0,0.05,1,1,1,0,0,1,1,0.18511483,4847.466
adidas,800,15,1.0,0.05,1,1,1,0,0,1,3,0.21369153,4371.584
adidas,800,15,1.0,0.05,1,1,1,0,1,1,1,0.9065615,4927.9805
adidas,800,15,1.0,0.05,1,1,1,0,1,1,3,6.452094,4371.382
adidas,800,15,1.0,0.03,1,1,1,0,0,1,1,0.18564408,4840.8755
adidas,800,15,1.0,0.03,1,1,1,0,0,1,3,1.7063249,4357.678
adidas,800,15,1.0,0.03,1,1,1,0,1,1,1,0.98869956,4863.5864
adidas,800,15,1.0,0.03,1,1,1,0,1,1,3,7.5741906,4391.5923
adidas,500,8,0.8,0.1,1,1,1,10,5,1,5,69.4100112915039,2577.320556640625
